{
  "uid" : "ab17fc5a4eb3bca4b216b548c7f9fcbc",
  "name" : "timeline",
  "children" : [ {
    "name" : "LAPTOP-5J4VKD8M",
    "children" : [ {
      "name" : "7532-MainThread",
      "children" : [ {
        "name" : "test_login_01[15200000001-111111.]",
        "uid" : "3044d74ba73bbf91",
        "parentUid" : "02674a94acfc3293b6dba73b0cd2d328",
        "status" : "passed",
        "time" : {
          "start" : 1626751750752,
          "stop" : 1626751751235,
          "duration" : 483
        },
        "flaky" : false,
        "newFailed" : false,
        "parameters" : [ "'15200000001'", "'111111.'" ]
      }, {
        "name" : "test_payOrder_01",
        "uid" : "a8b3db875fdd7460",
        "parentUid" : "02674a94acfc3293b6dba73b0cd2d328",
        "status" : "passed",
        "time" : {
          "start" : 1626751751421,
          "stop" : 1626751752475,
          "duration" : 1054
        },
        "flaky" : false,
        "newFailed" : false,
        "parameters" : [ ]
      }, {
        "name" : "test_addGoods_shopCar_01",
        "uid" : "ee60a6ee33a6463a",
        "parentUid" : "02674a94acfc3293b6dba73b0cd2d328",
        "status" : "passed",
        "time" : {
          "start" : 1626751752484,
          "stop" : 1626751753516,
          "duration" : 1032
        },
        "flaky" : false,
        "newFailed" : false,
        "parameters" : [ ]
      }, {
        "name" : "test_login_02[15200000001-1111111]",
        "uid" : "86b4ee0605aa5a1b",
        "parentUid" : "02674a94acfc3293b6dba73b0cd2d328",
        "status" : "failed",
        "time" : {
          "start" : 1626751751241,
          "stop" : 1626751751240,
          "duration" : -1
        },
        "flaky" : false,
        "newFailed" : false,
        "parameters" : [ "'15200000001'", "'1111111'" ]
      }, {
        "name" : "test_dellGoods_shopCar_02",
        "uid" : "767dda330d3c2bd",
        "parentUid" : "02674a94acfc3293b6dba73b0cd2d328",
        "status" : "passed",
        "time" : {
          "start" : 1626751753521,
          "stop" : 1626751754883,
          "duration" : 1362
        },
        "flaky" : false,
        "newFailed" : false,
        "parameters" : [ ]
      } ],
      "uid" : "02674a94acfc3293b6dba73b0cd2d328"
    } ],
    "uid" : "fad4292205d2f34ff67a8c99b9d74bb8"
  } ]
}