{
  "total" : 3,
  "items" : [ {
    "uid" : "deac1c323bf5e8c7cc2e45370de0ac7b",
    "name" : "测试注册登录接口",
    "statistic" : {
      "failed" : 1,
      "broken" : 0,
      "skipped" : 0,
      "passed" : 1,
      "unknown" : 0,
      "total" : 2
    }
  }, {
    "uid" : "5b8c91f4bebac198f403577734097df9",
    "name" : "测试购物车",
    "statistic" : {
      "failed" : 0,
      "broken" : 0,
      "skipped" : 0,
      "passed" : 2,
      "unknown" : 0,
      "total" : 2
    }
  }, {
    "uid" : "cf2fa53bf7f0d3bb507cc99010b8fe02",
    "name" : "测试订单",
    "statistic" : {
      "failed" : 0,
      "broken" : 0,
      "skipped" : 0,
      "passed" : 1,
      "unknown" : 0,
      "total" : 1
    }
  } ]
}